{"cameraMode":{"drawMode":0,"name":"Shaded","section":"Shading Mode"},"sceneLighting":true,"audioPlay":false,"sceneViewState":{"showFog":true,"showMaterialUpdate":false,"showSkybox":true,"showFlares":true,"showImageEffects":true,"showParticleSystems":true},"in2DMode":false,"pivot":{"x":27.978580474853517,"y":-47.754791259765628,"z":53.99650573730469},"rotation":{"x":0.4030201733112335,"y":0.017844460904598237,"z":-0.007859896868467331,"w":0.9149836301803589},"size":50.2011604309082,"orthographic":false}